method,TP,FP,FN,average_detection_delay,median_detection_delay,precision,recall,f1_score
Chronos-Bolt Base + error detector,659,2336,61,267.65402124430955,160.0,0.2200333889815626,0.9152777777765065,0.3547779270089839
FEDD+ELM,642,6593,78,157.29439252336448,142.0,0.0887353144436643,0.8916666666654283,0.1614079193827794
