method,TP,FP,FN,average_detection_delay,median_detection_delay,precision,recall,f1_score
Chronos-Bolt Base + error detector,659,2336,61,267.65402124430955,160.0,0.2200333889815626,0.9152777777765065,0.3547779270089839
FEDD+ELM,655,6768,65,155.24580152671757,131.0,0.08823925636533904,0.9097222222209588,0.16087437046383424
